"[백반] 돈채피망볶음, 양념깻잎지","[백반] 스모크햄조림, 스크램블에그","[백반] 탕수육, 파래김자반","[백반] 계란말이, 물만두찜*초간장","[백반] 해물동그랑땡전, 골뱅이소면무침"
[양식] 치킨치즈까스,[양식] 아쿠아돈까스,[양식] 매운치킨까스,[양식] 돈까스,[특식] 왕돈까스&날치알김치볶음밥
[한식] 참치회덮밥,[한식] 목살할라피뇨볶음밥,[한식] 전주비빔밥&계란후라이,[한식] 떡갈비비빔밥,[한식] 스팸마요덮밥
[한식] 소불고기덮밥,[한식] 단호박닭갈비덮밥,[한식] 제육덮밥,[한식] 새우튀김우동&야채볶음밥,[한식] 삼겹살간장덮밥
[즉석] 돈육김치찌개전골&라면사리,[즉석] 소불고기만두전골,[즉석] 뚝배기돈등뼈감자탕,[즉석] 뚝배기치즈찜닭&넙적당면,[즉석] 뚝배기닭곰탕&소면사리
"[백반] 미트볼케첩조림, 호박전","[백반] 닭살고추장볶음, 김구이","[백반] 새우까스, 브로컬리야채조림","[백반] 함박스테이크*케첩, 유부맛살냉채","[백반] 생선까스, 감자채볶음"
[양식] 매운돈까스,[양식] 치킨까스,[양식] 치킨치즈까스,[특식] 닭갈비볶음밥&후르츠탕수육,[특식] 고구마치즈돈까스&토마토펜네파스타
[한식] 소고기김치볶음밥,[한식] 제육치즈비빔밥,[한식] 야채쫄면&돈민찌볶음밥,[양식] 피자돈까스,[한식] 목살열무비빔밥
[한식] 깻잎닭갈비덮밥,[한식] 돈까스카레덮밥,[한식] 찜닭덮밥,[한식] 소고기강된장덮밥,[한식] 매콤낙지덮밥
[즉석] 돈육계란순두부뚝배기,[즉석] 뚝배기버섯소불고기&당면사리,[즉석] 돈육감자짜글이찌개,[즉석] 뚝배기닭개장칼국수,[즉석] 돈육된장뚝배기&음료
"[백반] 메추리알곤약조림, 옥수수전,","[백반] 연두부*양념장, 메밀전병","[백반] 동그랑땡전, 파래김자반","[백반] 떡갈비조림, 새송이볶음","[백반] 미트볼데리야끼조림, 매콤어묵볶음"
[양식] 치킨까스,[양식] 아쿠아돈까스,[특식] 두부돼지고기두루치기정식,[특식] 치즈돈까스&참치굴소스볶음밥,[양식] 치킨치즈까스
[한식] 제육비빔밥,[한식] 불닭비빔밥,[양식] 매운치킨까스,[한식] 치킨마요덮밥,[한식] 삼겹살야채비빔밥
[한식] 규동(소고기덮밥),[한식] 참치김치덮밥&계란후라이,[한식] 갈릭베이컨볶음밥,[한식] 돈육짜장덮밥,[즉석] 해물짬뽕전골
[즉석] 부대찌개전골&라면사리,[즉석] 뚝배기설렁탕&소면사리,[즉석] 뚝배기사골칼만둣국,[즉석] 뚝배기치즈날치알밥,
,,,"[백반] 계란말이, 물만두찜*초간장","[백반] 새우까스, 옥수수전"
,,,[양식] 매운치킨까스,[양식] 돈까스
,,,[한식] 떡갈비비빔밥,[한식] 스팸마요덮밥
,,,[한식] 단호박닭갈비덮밥,[한식] 잔치국수&멸치김가루밥
,,,[즉석] 소불고기만두전골,[즉석] 뚝배기치즈찜닭&넙적당면
"[백반] 해물동그랑땡전, 골뱅이소면무침","[백반] 함박스테이크*케첩, 유부맛살냉채",,"[백반] 닭살고추장볶음, 김구이","[백반] 생선까스, 감자채볶음"
[양식] 매운돈까스,[양식] 치킨까스,,[양식] 피자돈까스,[특식] 왕돈까스&고구마영양밥
[한식] 소고기김치볶음밥,[한식] 제육치즈비빔밥,,[한식] 훈제오리볶음밥,[한식] 참치야채비빔밥
[한식] 닭살카레덮밥,[한식] 가츠동(돈까스덮밥),,[한식] 소불고기비빔밥,[한식] 매콤낙지덮밥
[즉석] 돈육계란순두부뚝배기,[즉석] 뚝배기버섯불고기&당면사리,,[즉석] 돈육김치찌개전골&라면사리,[즉석] 뚝배기돈육순댓국
"[백반] 연두부*양념장, 메밀전병",,"[백반] 떡갈비조림, 새송이볶음","[백반] 동그랑땡전, 파래김자반","[백반] 미트볼케첩조림, 매콤어묵볶음"
[양식] 돈까스,,[양식] 아쿠아돈까스,[양식] 매운치킨까스,[특식] 고구마치즈돈까스&김치볶음밥
[한식] 옛날도시락비빔밥&계란후라이,,[한식] 칠리소스치킨볶음밥,[한식] 삼겹살야채비빔밥,[한식] 참치마요덮밥
[한식] 소고기강된장덮밥,,[한식] 제육덮밥,[한식] 온메밀국수&멸치김가루밥,[한식] 찜닭덮밥
[즉석] 뚝배기닭곰탕&소면사리,,[즉석] 부대찌개전골&라면사리,[즉석] 뚝배기치즈날치알밥,[즉석] 돈육감자짜글이찌개
"[백반] 계란말이, 물만두찜*초간장","[백반] 새우까스, 옥수수전","[백반] 메추리알곤약조림, 골뱅이소면무침",[백반] 돈채야채볶음,"[백반] 생선까스, 호박볶음"
[양식] 치킨치즈까스,[양식] 매운돈까스,[특식] 목살김치찜정식,[양식] 고구마돈까스,[특식] 치즈돈까스&참치굴소스볶음밥
[한식] 불닭비빔밥,[한식] 참치회덮밥,[양식] 치킨까스,[한식] 소불고기버터비빔밥,[한식] 떡갈비비빔밥
[한식] 돈육짜장덮밥,[한식] 규동(소고기덮밥),[한식] 갈릭베이컨볶음밥,[한식] 바지락수제비&김가루밥,[한식] 깻잎닭갈비덮밥
[즉석] 소불고기만두전골,[즉석] 뚝배기닭개장칼국수,[즉석] 뚝배기설렁탕&소면사리,[즉석] 뚝배기고추장불고기&당면사리,[즉석] 돈육된장뚝배기&음료
"[백반] 함박스테이크*케첩, 새송이볶음","[백반] 해물동그랑땡전, 파래김자반","[백반] 탕수육, 잔멸치땅콩볶음","[백반] 스모크햄조림, 스크램블에그","[백반] 미트볼데리야끼조림, 실곤약야채무침"
[양식] 매운돈까스,[양식] 치킨까스,[특식] 왕돈까스&날치알김치볶음밥,[양식] 피자돈까스,[특식] 낙지불고기정식*소면사리
[한식] 훈제오리볶음밥,[한식] 제육치즈비빔밥,[한식] 전주비빔밥&계란후라이,[한식] 치킨마요덮밥,[한식] 치킨치즈까스
[한식] 소불고기콩나물밥&음료,[한식] 닭살카레덮밥,[한식] 단호박닭갈비덮밥,[한식] 새우튀김우동&야채볶음밥,[한식] 목살열무비빔밥
[즉석] 돈육김치찌개전골&라면사리,[즉석] 뚝배기버섯불고기&당면사리,[즉석] 뚝배기돈등뼈감자탕,[즉석] 뚝배기치즈찜닭&넙적당면,[즉석] 뚝배기사골떡만둣국
"[백반] 새우까스, 진미채고추장무침","[백반] 동그랑땡, 김구이","[백반] 떡갈비조림, 양념깻잎지","[백반] 메추리알곤약조림, 옥수수전","[백반] 연두부*양념장, 메밀전병"
[양식] 아쿠아돈까스,[양식] 매운치킨까스,[특식] 고구마치즈돈까스&토마토펜네파스타,[양식] 치킨치즈까스,[특식] 비엔나오믈렛&야채볶음밥
[한식] 소불고기비빔밥,[한식] 제육순두부비빔밥,[한식] 목살할라피뇨볶음밥,[한식] 삼겹살야채비빔밥,[한식] 돈까스
[한식] 찜닭덮밥,[한식] 규동(소고기덮밥),[한식] 불닭스크램블덮밥,[한식] 온메밀국수&멸치김가루밥,[한식] 날치알참치비빔밥
[즉석] 부때찌개전골&라면사리,[즉석] 해물짬뽕전골,[즉석] 뚝배기설렁탕&소면사리,[즉석] 돈육감자짜글이찌개,[즉석] 뚝배기닭곰탕&소면사리
"[백반] 미트볼케첩조림, 호박전","[백반] 계란말이, 물만두찜*초간장","[백반] 생선까스, 골뱅이소면무침","[백반] 함박스테이크*케첩, 브로컬리볶음","[백반] 돈육야채볶음, 파래김자반"
[양식] 매운돈까스,[양식] 고구마돈까스,[특식] 닭갈비볶음밥&후르츠탕수육,[양식] 매운치킨까스,[특식] 치즈돈까스&로제파스타
[한식] 불닭비빔밥,[한식] 칠리소스치킨볶음밥,[양식] 피자돈까스,[한식] 쭈꾸미비빔밥,[한식] 떡갈비비빔밥
[한식] 돈육짜장덮밥,[한식] 참치마요덮밥,[한식] 소불고기덮밥,[한식] 명동칼국수&김가루밥,[한식] 참치김치덮밥&계란후라이
[즉석] 소불고기만두전골,[즉석] 돈육계란순두부뚝배기,[즉석] 돈육된장뚝배기&음료,[즉석] 뚝배기고추장불고기&당면사리,[즉석] 뚝배기돈육순댓국
"[백반] 새우까스, 옥수수전","[백반] 미트볼데리야끼조림, 실곤약야채무침","[백반] 해물동그랑땡전, 김구이","[백반] 탕수육, 잔멸치땅콩볶음","[백반] 스모크햄조림, 스크램블에그"
[양식] 아쿠아돈까스,[양식] 치킨치즈까스,[특식] 왕돈까스&날치알김치볶음밥,[양식] 매운돈까스,[특식] 두부돼지고기두루치기정식
[한식] 제육치즈비빔밥,[한식] 참치야채비빔밥,[한식] 치킨마요덮밥,[한식] 소불고기비빔밥,[양식] 치킨까스
[한식] 깻잎닭갈비덮밥,[한식] 가츠동(돈까스덮밥),[한식] 삼겹살간장덮밥,[한식] 새우튀김우동&야채볶음밥,[한식] 훈제오리볶음밥
[즉석] 뚝배기버섯소불고기&당면사리,[즉석] 뚝배기돈등뼈감자탕,[즉석] 뚝배기닭개장칼국수,[즉석] 뚝배기치즈찜닭&넙적당면,[즉석] 뚝배기사골칼만둣국
"[백반] 떡갈비조림, 양념깻잎지","[백반] 메추리알곤약조림, 옥수수전","[백반] 동그랑땡전, 파래김자반","[백반] 연두부*양념장, 메밀전병","[백반] 계란말이, 물만두찜*초간장"
[양식] 고구마돈까스,[양식] 매운치킨까스,[특식] 고구마치즈돈까스&김치볶음밥,[양식] 피자돈까스,[특식] 열무비빔국수&고추장불고기정식
[한식] 불닭비빔밥,[한식] 삼겹살야채비빔밥,[한식] 전주비빔밥&계란후라이,[한식] 참치순두부비빔밥,[양식] 치킨치즈까스
[한식] 소고기강된장덮밥,[한식] 닭살카레덮밥,[한식] 제육덮밥,[한식] 온메밀국수&멸치김가루밥,[한식] 스팸마요덮밥
[즉석] 돈육김치찌개전골&라면사리,[즉석] 뚝배기설렁탕&소면사리,[즉석] 해물짬뽕전골,[즉석] 뚝배기치즈날치알밥,[즉석] 돈육감자짜글이찌개
"[백반] 생선까스, 골뱅이소면무침","[백반] 돈채야채볶음, 파래김자반","[백반] 새우까스, 브로컬리볶음","[백반] 함박스테이크*케첩, 새송이볶음","[백반] 미트볼케첩조림, 매콤어묵볶음"
[양식] 아쿠아돈까스,[양식] 매운치킨까스,[특식] 치즈돈까스&토마토파스타,[양식] 치킨치즈까스,[특식] 닭갈비볶음밥&후르츠탕수육
[한식] 제육비빔밥,[한식] 갈릭베이컨볶음밥,[한식] 떡갈비비빔밥,[한식] 소불고기콩나물밥&핫도그,[양식] 고구마돈까스
[한식] 불닭스크램블덮밥,[한식] 참치마요덮밥,[한식] 돈육짜장덮밥,[한식] 잔치국수&햄야채볶음밥,[한식] 참치회덮밥
[즉석] 부대찌개전골&라면사리,[즉석] 소불고기만두전골,[즉석] 뚝배기닭곰탕&소면사리,[즉석] 뚝배기돈등뼈김치찜,[즉석] 돈육된장뚝배기&음료
"[백반] 스모크햄조림, 스크램블에그","[백반] 연두부*양념장, 메밀전병","[백반] 탕수육, 잔멸치땅콩볶음","[백반] 미트볼데리야끼조림, 실곤약야채무침","[백반] 해물동그랑땡전, 김구이"
[양식] 매운돈까스,[양식] 치킨치즈까스,[특식] 왕돈까스&참치굴소스볶음밥,[양식] 피자돈까스,[특식] 단호박소불고기정식
[한식] 제육치즈비빔밥,[한식] 날치알참치비빔밥,[한식] 소고기샐러드비빔밥,[한식] 스팸김치마요덮밥,[양식] 매운치킨까스
[한식] 찜닭덮밥,[한식] 소불고기덮밥,[한식] 깻잎닭갈비덮밥,[한식] 새우튀김우동&야채볶음밥,[한식] 삼겹살열무비빔밥
[즉석] 뚝배기설렁탕&소면사리,[즉석] 돈육계란순두부뚝배기,[즉석] 뚝배기닭개장칼국수,[즉석] 뚝배기고추장불고기&당면사리,[즉석] 뚝배기사골떡만둣국
"[백반] 메추리알곤약조림, 옥수수전","[백반] 떡갈비조림, 양념깻잎지","[백반] 생선까스, 호박볶음","[백반] 동그랑땡전, 건새우아몬드볶음","[백반] 계란말이, 물만두찜*초간장"
[양식] 치킨치즈까스,[양식] 아쿠아돈까스,[양식] 매운돈까스,[특식] 두부돼지고기두루치기정식,[특식] 고구마치즈돈까스&파인애플볶음밥
[한식] 칠리소스치킨볶음밥,[한식] 불닭비빔밥,[한식] 치킨마요덮밥,[양식] 치킨까스,[한식] 쭈꾸미비빔밥
[한식] 소불고기비빔밥,[한식] 규동(소고기덮밥),[한식] 온메밀국수&멸치김가루밥,[한식] 참치새싹비빔밥,[한식] 닭살카레덮밥
[즉석] 돈육김치찌개전골&라면사리,[즉석] 뚝배기돈등뼈감자탕,[즉석] 뚝배기치즈날치알밥,[즉석] 해물짬뽕전골,[즉석] 돈육감자짜글이찌개
"[백반] 스모크햄전, 골뱅이소면무침","[백반] 미트볼케첩조림, 호박전","[백반] 돈채야채볶음, 파래김자반","[백반] 새우까스, 브로컬리볶음","[백반] 함박스테이크*케첩, 새송이볶음"
[양식] 피자돈까스,[양식] 매운치킨까스,[특식] 치즈돈까스&로제파스타,[양식] 고구마돈까스,[특식] 비엔나오믈렛&야채볶음밥
[한식] 참치순두부비빔밥,[한식] 훈제오리볶음밥,[한식] 전주비빔밥&계란후라이,[한식] 닭살샐러드비빔밥,[양식] 치킨치즈까스
[한식] 불닭스크램블덮밥,[한식] 떡갈비비빔밥,[한식] 소고기강된장덮밥,[한식] 잔치국수&햄야채볶음밥,[한식] 삼겹살야채비빔밥
[즉석] 뚝배기버섯소불고기&당면사리,[즉석] 부대찌개전골&라면사리,[즉석] 뚝배기닭곰탕&소면사리,[즉석] 뚝배기돈육순댓국,[즉석] 뚝배기사골칼만둣국
